title,price,source,rating,reviews,link,image
Asus ROG Zephyrus G14 Gaming Laptop,"$1,498.00",Amazon.com - Seller,4.5,1400.0,,https://serpapi.com/searches/67f15a89bb558dfa826406d7/images/817d9190a66a6839bc2eee8e0f847db4ef9b61c8a97c52b26c3c1ab4182894cf.webp
"Acer Aspire 3 15.6"" FHD Laptop AMD Ryzen",$372.00,Amazon.com - Seller,4.5,1200.0,,https://serpapi.com/searches/67f15a89bb558dfa826406d7/images/817d9190a66a6839bc2eee8e0f847db4b966c6567b0f7f417483d21e77e4f9bb.webp
"ASUS Vivobook S 14 14""","$1,299.99",ASUS Store US,4.6,583.0,,https://serpapi.com/searches/67f15a89bb558dfa826406d7/images/817d9190a66a6839bc2eee8e0f847db44282b65f188d1ddf30181c36e97b4a82.webp
"HP 14"" Chromebook Laptop",$159.00,Best Buy,4.5,2500.0,,https://serpapi.com/searches/67f15a89bb558dfa826406d7/images/817d9190a66a6839bc2eee8e0f847db4f7717cc731e1761b5ae837830e5bdce9.webp
16.0-inch Gaming Laptop,$329.99,Amazon.com - Seller,,,,https://serpapi.com/searches/67f15a89bb558dfa826406d7/images/817d9190a66a6839bc2eee8e0f847db43a774dee0cabad1a01700f06dc84fb15.webp
Dell Inspiron 15 3520 FHD Laptop Intel,$269.99,Dell,4.3,19000.0,,https://serpapi.com/searches/67f15a89bb558dfa826406d7/images/817d9190a66a6839bc2eee8e0f847db431533f0d58f562f4af0c2b3ddda6ac9e.webp
Asus Vivobook Pro 16 inch Wuxga Windows Laptop Intel Core i9-13900H Nvidia GeForce RTX 4050 16gb RAM 1TB Ssd Cool,$958.30,Walmart - Seller,4.5,35.0,,https://serpapi.com/searches/67f15a89bb558dfa826406d7/images/817d9190a66a6839bc2eee8e0f847db4d803922558aafe148b6b407e9461aca3.webp
"Lenovo Yoga Pro 7 14.5"" AMD Ryzen 7 8845hs Laptop",$799.99,Lenovo,4.6,127.0,,https://serpapi.com/searches/67f15a89bb558dfa826406d7/images/817d9190a66a6839bc2eee8e0f847db46001e19e8d72bb9b64c9735ef5e5bfe8.webp
"HP 14"" Intel Celeron Laptop",$199.99,Best Buy,3.7,23.0,,https://serpapi.com/searches/67f15a89bb558dfa826406d7/images/817d9190a66a6839bc2eee8e0f847db498f04dc6d0a1f0c6bd99b765350be104.webp
KAIGERR 2024 Gaming Laptop,$349.99,Amazon.com - Seller,,,,https://serpapi.com/searches/67f15a89bb558dfa826406d7/images/817d9190a66a6839bc2eee8e0f847db4b3994b7a4cdef0b93af7ec768ad40230.webp
Microsoft Surface Laptop Copilot+ PC,"$1,799.99",Microsoft Store,4.3,103.0,,https://serpapi.com/searches/67f15a89bb558dfa826406d7/images/817d9190a66a6839bc2eee8e0f847db49bd0f79eeac85fdfb0c5d3288d9b0e16.webp
HP 15.6 inch HD Windows Laptop,$219.00,Walmart,,,,https://serpapi.com/searches/67f15a89bb558dfa826406d7/images/817d9190a66a6839bc2eee8e0f847db4799b4d218abc7b914281d279b189b45c.webp
Lenovo V15 G4 IRU,$549.99,Staples,4.6,849.0,,https://serpapi.com/searches/67f15a89bb558dfa826406d7/images/817d9190a66a6839bc2eee8e0f847db408b6a643f083086adf99ef0fab128e0f.webp
Lenovo IdeaPad 3i 15.6 inch FHD Laptop Intel Core,$249.00,Best Buy,4.5,5600.0,,https://serpapi.com/searches/67f15a89bb558dfa826406d7/images/817d9190a66a6839bc2eee8e0f847db4decc4fc5c37fa7d10737fb3edb8cb26d.webp
"HP Pavilion 15.6"" HD Touchscreen Anti-Glare Laptop",$400.98,Amazon.com - Seller,,,,https://serpapi.com/searches/67f15a89bb558dfa826406d7/images/817d9190a66a6839bc2eee8e0f847db4ab5ae67320664b815d38a9c8c8791387.webp
Samsung Galaxy Book5 Pro 14 Gray NP944XHA-KG,"$1,649.99",Samsung,4.5,66.0,,https://serpapi.com/searches/67f15a89bb558dfa826406d7/images/817d9190a66a6839bc2eee8e0f847db46e64370f2993694b6f8fa4f2ad3e34d9.webp
"Asus VivoBook Go 15.6"" Intel i3-N305 Laptop",$219.00,Walmart,,,,https://serpapi.com/searches/67f15a89bb558dfa826406d7/images/817d9190a66a6839bc2eee8e0f847db455b8954e51823a772aa4b804b04b3e27.webp
"HP 14"" Touchscreen Laptop",$299.99,HSN,4.1,91.0,,https://serpapi.com/searches/67f15a89bb558dfa826406d7/images/817d9190a66a6839bc2eee8e0f847db4dde4b2199ad74ee6be1008386f59c4bc.webp
"HP 14"" Intel Processor Laptop",$199.99,Best Buy,4.2,24.0,,https://serpapi.com/searches/67f15a89bb558dfa826406d7/images/817d9190a66a6839bc2eee8e0f847db4e750ae8670e6ee1ba456a76024d425dd.webp
"Acer FHD 15.6"" Aspire Go 15 Laptop",$284.99,Amazon.com - Seller,4.8,885.0,,https://serpapi.com/searches/67f15a89bb558dfa826406d7/images/817d9190a66a6839bc2eee8e0f847db40c8b3d2a0f1ab2a54b0cbd3baf2f5356.webp
Alienware Area-51 Gaming Laptop,"$3,899.99",Dell,4.0,939.0,,https://serpapi.com/searches/67f15a89bb558dfa826406d7/images/817d9190a66a6839bc2eee8e0f847db4a1b50888f619ef151ab6925eea98f220.webp
"Asus VivoBook 15.6"" Intel Core i5-1235U Laptop",$279.00,Walmart,4.5,184.0,,https://serpapi.com/searches/67f15a89bb558dfa826406d7/images/817d9190a66a6839bc2eee8e0f847db4b21fb88415bd4f64e2a483049c7f9ce3.webp
"HP Laptop 17t-cn300 17.3"" Windows 11 Home Intel Core i7 13th Gen",$379.99,HP,4.2,459.0,,https://serpapi.com/searches/67f15a89bb558dfa826406d7/images/817d9190a66a6839bc2eee8e0f847db4cf3019befcb43491d2a5c77496775f05.webp
"HP Full HD 17.3"" Laptop",$399.99,Best Buy,,,,https://encrypted-tbn3.gstatic.com/shopping?q=tbn:ANd9GcQ4QQiUQI4y3sGUyjeqQ63nAg60g0pxdgO3u3hoJskhG3gWjfJwMFd_hBmvDAjwgevo6yso2kqSVn0_YHXypmsu9odD1NU5YS96gqCT_atdUr7WnwB20DRABA
KAIGERR Gaming Laptop with AMD Ryzen 7 5000 Series,$491.99,Amazon.com - Seller,,,,https://encrypted-tbn1.gstatic.com/shopping?q=tbn:ANd9GcRfAdQFShSKi5I0O3ujQ2rITlsMK2aXeWLU_hQsOmOpm5kJIJFNVBw5eY__SIAv8FaxD6s00l5nr5ELeePLPKbB3kdz4-pIO7ixt38GcT9VyYVK00mxLVtPyA
"Dell Chromebook 3110 11.6"" Chromebook",$442.45,Dell,4.5,106.0,,https://encrypted-tbn0.gstatic.com/shopping?q=tbn:ANd9GcSpoEGZdiz9nHwVDcJbUTFeQQh6pL6rAspbbXuHhqOEZW_8Q8FTOIsAFLI68aKMI5SnTCTUMbn8xKGvgqKnj2CokQJwEFLyEjYB8ctjkYJRDGbs0Mv28wvs_Q
Hp HD Laptop Intel N200 Processor Ram,$219.00,Walmart,4.0,2900.0,,https://encrypted-tbn1.gstatic.com/shopping?q=tbn:ANd9GcRC3FNS-QQhkCL6Ioh0QTxPOgLESDBF1YEc37s_zGmXwbYsuV0r8rjicKc9S37MA9vT0jYtY-gPyQOTiqJGoXUYcb6MboZzP0dSsSg15l-cDDWaxtwfBdEvIQ
Lenovo IdeaPad Slim 5 16IRL8,$499.00,B&H Photo-Video-Audio,4.6,889.0,,https://encrypted-tbn1.gstatic.com/shopping?q=tbn:ANd9GcSPa2FMeLV0G6MnDA1Ry0RzNjZ6L1B_NvgqA5eaMay1hG1QPDo5JSHAqlrDcWXx0Prv1ucmT4sZ7s9TOSL4PHmJ6Q3RQ1Udp9nfSz_I0cB8NziY3zpVJiMXGQ
"HP 15.6"" Full HD Touch-Screen Laptop",$799.99,Best Buy,4.3,37.0,,https://encrypted-tbn1.gstatic.com/shopping?q=tbn:ANd9GcQ6LQiRhcmnVEWolJTepeVENGVBnayXBj5VNCY3ujl-n_NKdmZik52oq31932qiQYxcOlq-rkLLWJr21iiS73oo0e45KuacZilHAaSKTm99pJZCIAnemN1RDg
KAIGERR 2025 Laptop,$349.99,Amazon.com - Seller,,,,https://encrypted-tbn0.gstatic.com/shopping?q=tbn:ANd9GcTdBirIwOQzPY3PpZL70pJT2FWNjb5FSIN2BsGM-gs9aDNrOirFJBCKuPeZqHKxskssA-MEdwTuxRtfE_GjvmcUjeFsw_2uKxyhHruppEILiHGQjGvVN60H
Chuwi 15.6'' Intel Celeron Quad-core Laptop,$177.99,eBay - chuwi2018,4.3,107.0,,https://encrypted-tbn2.gstatic.com/shopping?q=tbn:ANd9GcQmpXuwaC0Ud61T1bf3Fzt-ZV8A5S4nIFkS2UdRbtjmRgbGbsYXlmitUZje1HsqiIg2aAWebq1_OpEZtPrHjlsPdyUuz4__GwZZBFDjBR_GbASVYC2yWAZwAw
Asus Vivobook 15.6 FHD PC Laptop Intel i3-N305,$261.90,Walmart,4.5,1800.0,,https://encrypted-tbn1.gstatic.com/shopping?q=tbn:ANd9GcRjEEWRsns1IaGJgpLjgpYx0HkrDpn6yXzwI_w6b5JNlNoe9GzFx_zMLPBMemUn8dxvO0_G_gyVQgW94uTTgDIowEzXeLfs3i6veiwNGLO0OYrseCZWJkybEQ
"LG gram Pro 16"", Copilot+ PC, Thin and Lightweight Laptop Windows 11 Home","$1,999.99",LG Electronics,5.0,1.0,,https://encrypted-tbn2.gstatic.com/shopping?q=tbn:ANd9GcS59oOgkSLxV7fkprGRF0vpfLgdo6NXWj9-jU-4Y_HXXf3sceT0cZS3ClRHmRRm_paSggjvPW9tES7x0UvkUB3-53W6wzNbI6oONhr0qmlmsbrhKL8BPEg9Qg
"ASUS Vivobook Go 15.6"" Intel Celeron N4500 Laptop",$227.99,Best Buy,3.7,559.0,,https://encrypted-tbn0.gstatic.com/shopping?q=tbn:ANd9GcTMqQ_q2ARA12wRT4wPPN3KHcwy44RGXPdsSFA_0FvSJS-lb1RwZbFnXuXu70bObosrukejSnbErPRCyx7Eu7UgJzUECOZ2y8r27jZQB2_QnKAu6kLahO9Y
KAIGERR 16.0-inch DDR4 512GB SSD Laptop,$349.99,Amazon.com - Seller,,,,https://encrypted-tbn3.gstatic.com/shopping?q=tbn:ANd9GcR9tRGmW78f1TLLF--I7I037w3m8ZYksW-kbuGrmJERoTMX1CqXfxig6ONPCEH9a2gQfgtBQBHA-C-sY1rkexBiXMDeUA6Wc94wkYbJIpMtEqyktoRG9-tG
MSI Prestige 14 AI Evo C1MG-001US PRE14EVO14001,"$1,299.99",Adorama,,,,https://encrypted-tbn3.gstatic.com/shopping?q=tbn:ANd9GcRnxFOJOD2Kc8SdSAN6Ln6IdSUr5b7dzo_aCyVNSI9WwxWoUnipZgwMeXdbzxjsBEpDkbtFV6uj6PxkxzYFD68Y6xD0sWVaENMhFGKlkOoFCLSgjaseFExd
"HP 15.6"" i3-N305 Laptop",$369.00,Walmart,4.2,862.0,,https://encrypted-tbn3.gstatic.com/shopping?q=tbn:ANd9GcTFuN0aDdVRhXO1bqURNXZL6jP7p4fE2jy6P3G0Awe7aDz9QG0tg1yngZBl8UebQVnJHeGgZDXRqIsfkRNHCy-K3VMhNMImbwBhOW1fK4Yn1VCd0_tb5w65Ng
Dell Inspiron 5441 Laptop 14-inch FHD+ Display Snapdragon X Plus useic,$949.99,Dell,4.2,1400.0,,https://encrypted-tbn0.gstatic.com/shopping?q=tbn:ANd9GcRNfY0XS_QutMeQg7fzTMtvRHpE99aaX3P5drIOcftm6z15ZBJ-CyYGES3up9wD9ujWG7_HQfWlVYc5y3hOw5SlIlirNscX
"Microsoft Surface Laptop Copilot+ PC 13.8"" Snapdragon X Elite 16GB",$999.99,Best Buy,4.6,937.0,,https://encrypted-tbn0.gstatic.com/shopping?q=tbn:ANd9GcRFJQIAJuykCxdjzcNFOXuerGd8y5AvVvPi7lTQ-WWYMJDSbdt2gffiA7CC8LfGbBGW_iku-lmxei_EJhAvZ387QtTk2mWrxFhfnLWNtIXv
"HP 255 G10 15.6"" Laptop",$549.99,Amazon.com - Seller,4.4,792.0,,https://encrypted-tbn3.gstatic.com/shopping?q=tbn:ANd9GcT-fEznnsa32jvsV_xZNuvmsGB_W3jvbB-3R5MNgnlRvWetUYVe-TTE0esQYhDrZflfC1NWslRwSzfwiIlQWAIzmNYQkuI0E4-uo0BWsb-5
"HP 14"" Touchscreen Laptop",$299.99,HSN,4.1,91.0,,https://encrypted-tbn3.gstatic.com/shopping?q=tbn:ANd9GcRl77YD2H51Yf65ft2octjhisUcptaZHxNKat6UAJZCzePDSHqQqAnr5IpP00gh4CBrxMYgAhs19I9jl7itaYV_embx0AYP3qQaZ6vi8BMF5X6CB5DpuP21WA
"Lenovo IdeaPad 1i 14"" Intel Celeron N4500 Laptop",$139.00,Walmart,4.3,34.0,,https://encrypted-tbn1.gstatic.com/shopping?q=tbn:ANd9GcRaFQfLGnRhTmw93f75F2RRxB-t_FR3cRE1bMsZLpzcHSCS_vCofQNMFZZHK-uIdRHBfgYTETRuYmEeTFvTVxCXhGLxiqiHQneOnq5uzQfjcfZt_y6usRGgkw
Dell Inspiron Laptop,$279.99,Dell,4.1,2200.0,,https://encrypted-tbn3.gstatic.com/shopping?q=tbn:ANd9GcQTDEZwrsOD_iuV0U0uj9ANVoDtGbUrUOntX-PLWqqoXobETgnaFhLLkGyAFCnAzVdrM1QFtZZi5S6n6jqV0eN7oyV3RXqUbQ
